Year,dNOS,dARG,dNDI,dEmi
2020,0.068903,0.00571,-0.108183,-0.9
2021,-0.058915,-0.019157,0.126818,0.2
2022,0.051571,-0.011603,-0.264697,-2.0
2023,-0.035198,0.044393,0.255733,0.0
2024,-0.042337,0.00464,0.24097,2.0
2025,0.008199,-0.058093,-0.267696,0.0
