Year,Greenwashing_Ratio,NVI
2019,3.9899,0.599188
2020,3.2671,0.531299
2021,2.5168,0.431299
2022,2.258,0.386121
2023,2.3218,0.397915
2024,3.5749,0.562835
2025,3.4639,0.551958
